pair_id,R_tau1,R_tau2,len_tau1,len_tau2,p_tau1_preferred,preferred
0,500.0000,18.0000,500,18,1.000000,0
1,500.0000,18.0000,500,18,1.000000,0
2,500.0000,11.0000,500,11,1.000000,0
3,500.0000,20.0000,500,20,1.000000,0
4,500.0000,10.0000,500,10,1.000000,0
5,500.0000,17.0000,500,17,1.000000,0
6,500.0000,14.0000,500,14,1.000000,0
7,500.0000,13.0000,500,13,1.000000,0
8,500.0000,37.0000,500,37,1.000000,0
9,500.0000,28.0000,500,28,1.000000,0
10,500.0000,25.0000,500,25,1.000000,0
11,500.0000,16.0000,500,16,1.000000,0
12,500.0000,14.0000,500,14,1.000000,0
13,500.0000,22.0000,500,22,1.000000,0
14,500.0000,35.0000,500,35,1.000000,0
15,500.0000,18.0000,500,18,1.000000,0
16,500.0000,13.0000,500,13,1.000000,0
17,500.0000,22.0000,500,22,1.000000,0
18,500.0000,17.0000,500,17,1.000000,0
19,500.0000,16.0000,500,16,1.000000,0
20,500.0000,15.0000,500,15,1.000000,0
21,500.0000,15.0000,500,15,1.000000,0
22,500.0000,18.0000,500,18,1.000000,0
23,500.0000,13.0000,500,13,1.000000,0
24,500.0000,16.0000,500,16,1.000000,0
25,500.0000,70.0000,500,70,1.000000,0
26,500.0000,10.0000,500,10,1.000000,0
27,500.0000,14.0000,500,14,1.000000,0
28,500.0000,37.0000,500,37,1.000000,0
29,500.0000,15.0000,500,15,1.000000,0
30,500.0000,12.0000,500,12,1.000000,0
31,500.0000,16.0000,500,16,1.000000,0
32,500.0000,12.0000,500,12,1.000000,0
33,500.0000,34.0000,500,34,1.000000,0
34,500.0000,12.0000,500,12,1.000000,0
35,500.0000,20.0000,500,20,1.000000,0
36,500.0000,20.0000,500,20,1.000000,0
37,500.0000,20.0000,500,20,1.000000,0
38,500.0000,20.0000,500,20,1.000000,0
39,500.0000,17.0000,500,17,1.000000,0
40,500.0000,26.0000,500,26,1.000000,0
41,500.0000,18.0000,500,18,1.000000,0
42,500.0000,23.0000,500,23,1.000000,0
43,500.0000,17.0000,500,17,1.000000,0
44,500.0000,39.0000,500,39,1.000000,0
45,500.0000,27.0000,500,27,1.000000,0
46,500.0000,23.0000,500,23,1.000000,0
47,500.0000,22.0000,500,22,1.000000,0
48,500.0000,30.0000,500,30,1.000000,0
49,500.0000,19.0000,500,19,1.000000,0
50,500.0000,23.0000,500,23,1.000000,0
51,500.0000,14.0000,500,14,1.000000,0
52,500.0000,15.0000,500,15,1.000000,0
53,500.0000,24.0000,500,24,1.000000,0
54,500.0000,34.0000,500,34,1.000000,0
55,500.0000,21.0000,500,21,1.000000,0
56,500.0000,39.0000,500,39,1.000000,0
57,500.0000,11.0000,500,11,1.000000,0
58,500.0000,20.0000,500,20,1.000000,0
59,500.0000,20.0000,500,20,1.000000,0
60,500.0000,11.0000,500,11,1.000000,0
61,500.0000,23.0000,500,23,1.000000,0
62,500.0000,33.0000,500,33,1.000000,0
63,500.0000,12.0000,500,12,1.000000,0
64,500.0000,15.0000,500,15,1.000000,0
65,500.0000,19.0000,500,19,1.000000,0
66,500.0000,21.0000,500,21,1.000000,0
67,500.0000,10.0000,500,10,1.000000,0
68,500.0000,24.0000,500,24,1.000000,0
69,500.0000,13.0000,500,13,1.000000,0
70,500.0000,24.0000,500,24,1.000000,0
71,500.0000,11.0000,500,11,1.000000,0
72,500.0000,24.0000,500,24,1.000000,0
73,500.0000,20.0000,500,20,1.000000,0
74,500.0000,19.0000,500,19,1.000000,0
75,500.0000,19.0000,500,19,1.000000,0
76,500.0000,34.0000,500,34,1.000000,0
77,500.0000,41.0000,500,41,1.000000,0
78,500.0000,14.0000,500,14,1.000000,0
79,500.0000,26.0000,500,26,1.000000,0
80,500.0000,14.0000,500,14,1.000000,0
81,500.0000,23.0000,500,23,1.000000,0
82,500.0000,17.0000,500,17,1.000000,0
83,500.0000,33.0000,500,33,1.000000,0
84,500.0000,10.0000,500,10,1.000000,0
85,500.0000,43.0000,500,43,1.000000,0
86,500.0000,16.0000,500,16,1.000000,0
87,500.0000,10.0000,500,10,1.000000,0
88,500.0000,13.0000,500,13,1.000000,0
89,500.0000,17.0000,500,17,1.000000,0
90,500.0000,16.0000,500,16,1.000000,0
91,500.0000,20.0000,500,20,1.000000,0
92,500.0000,12.0000,500,12,1.000000,0
93,500.0000,18.0000,500,18,1.000000,0
94,500.0000,13.0000,500,13,1.000000,0
95,500.0000,32.0000,500,32,1.000000,0
96,500.0000,15.0000,500,15,1.000000,0
97,500.0000,29.0000,500,29,1.000000,0
98,500.0000,23.0000,500,23,1.000000,0
99,500.0000,14.0000,500,14,1.000000,0
100,500.0000,15.0000,500,15,1.000000,0
101,500.0000,30.0000,500,30,1.000000,0
102,500.0000,16.0000,500,16,1.000000,0
103,500.0000,21.0000,500,21,1.000000,0
104,500.0000,10.0000,500,10,1.000000,0
105,500.0000,26.0000,500,26,1.000000,0
106,500.0000,31.0000,500,31,1.000000,0
107,500.0000,23.0000,500,23,1.000000,0
108,500.0000,23.0000,500,23,1.000000,0
109,500.0000,14.0000,500,14,1.000000,0
110,500.0000,10.0000,500,10,1.000000,0
111,500.0000,59.0000,500,59,1.000000,0
112,500.0000,14.0000,500,14,1.000000,0
113,500.0000,32.0000,500,32,1.000000,0
114,500.0000,17.0000,500,17,1.000000,0
115,500.0000,17.0000,500,17,1.000000,0
116,500.0000,34.0000,500,34,1.000000,0
117,500.0000,30.0000,500,30,1.000000,0
118,500.0000,36.0000,500,36,1.000000,0
119,500.0000,23.0000,500,23,1.000000,0
120,500.0000,29.0000,500,29,1.000000,0
121,500.0000,50.0000,500,50,1.000000,0
122,500.0000,22.0000,500,22,1.000000,0
123,500.0000,15.0000,500,15,1.000000,0
124,500.0000,33.0000,500,33,1.000000,0
125,500.0000,50.0000,500,50,1.000000,0
126,500.0000,9.0000,500,9,1.000000,0
127,500.0000,19.0000,500,19,1.000000,0
128,500.0000,10.0000,500,10,1.000000,0
129,500.0000,19.0000,500,19,1.000000,0
130,500.0000,47.0000,500,47,1.000000,0
131,500.0000,15.0000,500,15,1.000000,0
132,500.0000,35.0000,500,35,1.000000,0
133,500.0000,43.0000,500,43,1.000000,0
134,500.0000,23.0000,500,23,1.000000,0
135,500.0000,14.0000,500,14,1.000000,0
136,500.0000,21.0000,500,21,1.000000,0
137,500.0000,66.0000,500,66,1.000000,0
138,500.0000,19.0000,500,19,1.000000,0
139,500.0000,49.0000,500,49,1.000000,0
140,500.0000,29.0000,500,29,1.000000,0
141,500.0000,24.0000,500,24,1.000000,0
142,500.0000,49.0000,500,49,1.000000,0
143,500.0000,14.0000,500,14,1.000000,0
144,500.0000,19.0000,500,19,1.000000,0
145,500.0000,20.0000,500,20,1.000000,0
146,500.0000,16.0000,500,16,1.000000,0
147,500.0000,11.0000,500,11,1.000000,0
148,500.0000,34.0000,500,34,1.000000,0
149,500.0000,19.0000,500,19,1.000000,0
150,500.0000,11.0000,500,11,1.000000,0
151,500.0000,15.0000,500,15,1.000000,0
152,500.0000,23.0000,500,23,1.000000,0
153,500.0000,35.0000,500,35,1.000000,0
154,500.0000,12.0000,500,12,1.000000,0
155,500.0000,10.0000,500,10,1.000000,0
156,500.0000,14.0000,500,14,1.000000,0
157,500.0000,53.0000,500,53,1.000000,0
158,500.0000,11.0000,500,11,1.000000,0
159,500.0000,21.0000,500,21,1.000000,0
160,500.0000,23.0000,500,23,1.000000,0
161,500.0000,14.0000,500,14,1.000000,0
162,500.0000,14.0000,500,14,1.000000,0
163,500.0000,14.0000,500,14,1.000000,0
164,500.0000,14.0000,500,14,1.000000,0
165,500.0000,8.0000,500,8,1.000000,0
166,500.0000,16.0000,500,16,1.000000,0
167,500.0000,53.0000,500,53,1.000000,0
168,500.0000,10.0000,500,10,1.000000,0
169,500.0000,34.0000,500,34,1.000000,0
170,500.0000,19.0000,500,19,1.000000,0
171,500.0000,41.0000,500,41,1.000000,0
172,500.0000,13.0000,500,13,1.000000,0
173,500.0000,15.0000,500,15,1.000000,0
174,500.0000,19.0000,500,19,1.000000,0
175,500.0000,15.0000,500,15,1.000000,0
176,500.0000,9.0000,500,9,1.000000,0
177,500.0000,19.0000,500,19,1.000000,0
178,500.0000,13.0000,500,13,1.000000,0
179,500.0000,52.0000,500,52,1.000000,0
180,500.0000,38.0000,500,38,1.000000,0
181,500.0000,39.0000,500,39,1.000000,0
182,500.0000,11.0000,500,11,1.000000,0
183,500.0000,29.0000,500,29,1.000000,0
184,500.0000,53.0000,500,53,1.000000,0
185,500.0000,28.0000,500,28,1.000000,0
186,500.0000,12.0000,500,12,1.000000,0
187,500.0000,11.0000,500,11,1.000000,0
188,500.0000,30.0000,500,30,1.000000,0
189,500.0000,40.0000,500,40,1.000000,0
190,500.0000,14.0000,500,14,1.000000,0
191,500.0000,20.0000,500,20,1.000000,0
192,500.0000,20.0000,500,20,1.000000,0
193,500.0000,15.0000,500,15,1.000000,0
194,500.0000,38.0000,500,38,1.000000,0
195,500.0000,11.0000,500,11,1.000000,0
196,500.0000,28.0000,500,28,1.000000,0
197,500.0000,24.0000,500,24,1.000000,0
198,500.0000,22.0000,500,22,1.000000,0
199,500.0000,26.0000,500,26,1.000000,0
200,500.0000,16.0000,500,16,1.000000,0
201,500.0000,20.0000,500,20,1.000000,0
202,500.0000,26.0000,500,26,1.000000,0
203,500.0000,11.0000,500,11,1.000000,0
204,500.0000,19.0000,500,19,1.000000,0
205,500.0000,18.0000,500,18,1.000000,0
206,500.0000,21.0000,500,21,1.000000,0
207,500.0000,12.0000,500,12,1.000000,0
208,500.0000,11.0000,500,11,1.000000,0
209,500.0000,22.0000,500,22,1.000000,0
210,500.0000,28.0000,500,28,1.000000,0
211,500.0000,33.0000,500,33,1.000000,0
212,500.0000,35.0000,500,35,1.000000,0
213,500.0000,25.0000,500,25,1.000000,0
214,500.0000,28.0000,500,28,1.000000,0
215,500.0000,59.0000,500,59,1.000000,0
216,500.0000,13.0000,500,13,1.000000,0
217,500.0000,13.0000,500,13,1.000000,0
218,500.0000,11.0000,500,11,1.000000,0
219,500.0000,14.0000,500,14,1.000000,0
220,500.0000,13.0000,500,13,1.000000,0
221,500.0000,24.0000,500,24,1.000000,0
222,500.0000,39.0000,500,39,1.000000,0
223,500.0000,25.0000,500,25,1.000000,0
224,500.0000,15.0000,500,15,1.000000,0
225,500.0000,16.0000,500,16,1.000000,0
226,500.0000,23.0000,500,23,1.000000,0
227,500.0000,15.0000,500,15,1.000000,0
228,500.0000,14.0000,500,14,1.000000,0
229,500.0000,52.0000,500,52,1.000000,0
230,500.0000,32.0000,500,32,1.000000,0
231,500.0000,46.0000,500,46,1.000000,0
232,500.0000,26.0000,500,26,1.000000,0
233,500.0000,18.0000,500,18,1.000000,0
234,500.0000,12.0000,500,12,1.000000,0
235,500.0000,41.0000,500,41,1.000000,0
236,500.0000,31.0000,500,31,1.000000,0
237,500.0000,18.0000,500,18,1.000000,0
238,500.0000,19.0000,500,19,1.000000,0
239,500.0000,13.0000,500,13,1.000000,0
240,500.0000,13.0000,500,13,1.000000,0
241,500.0000,23.0000,500,23,1.000000,0
242,500.0000,13.0000,500,13,1.000000,0
243,500.0000,11.0000,500,11,1.000000,0
244,500.0000,29.0000,500,29,1.000000,0
245,500.0000,12.0000,500,12,1.000000,0
246,500.0000,11.0000,500,11,1.000000,0
247,500.0000,11.0000,500,11,1.000000,0
248,500.0000,20.0000,500,20,1.000000,0
249,500.0000,24.0000,500,24,1.000000,0
250,500.0000,25.0000,500,25,1.000000,0
251,500.0000,17.0000,500,17,1.000000,0
252,500.0000,23.0000,500,23,1.000000,0
253,500.0000,38.0000,500,38,1.000000,0
254,500.0000,37.0000,500,37,1.000000,0
255,500.0000,12.0000,500,12,1.000000,0
256,500.0000,11.0000,500,11,1.000000,0
257,500.0000,16.0000,500,16,1.000000,0
258,500.0000,16.0000,500,16,1.000000,0
259,500.0000,24.0000,500,24,1.000000,0
260,500.0000,46.0000,500,46,1.000000,0
261,500.0000,17.0000,500,17,1.000000,0
262,500.0000,20.0000,500,20,1.000000,0
263,500.0000,22.0000,500,22,1.000000,0
264,500.0000,43.0000,500,43,1.000000,0
265,500.0000,17.0000,500,17,1.000000,0
266,500.0000,9.0000,500,9,1.000000,0
267,500.0000,13.0000,500,13,1.000000,0
268,500.0000,13.0000,500,13,1.000000,0
269,500.0000,22.0000,500,22,1.000000,0
270,500.0000,22.0000,500,22,1.000000,0
271,500.0000,17.0000,500,17,1.000000,0
272,500.0000,20.0000,500,20,1.000000,0
273,500.0000,16.0000,500,16,1.000000,0
274,500.0000,11.0000,500,11,1.000000,0
275,500.0000,23.0000,500,23,1.000000,0
276,500.0000,22.0000,500,22,1.000000,0
277,500.0000,39.0000,500,39,1.000000,0
278,500.0000,19.0000,500,19,1.000000,0
279,500.0000,20.0000,500,20,1.000000,0
280,500.0000,10.0000,500,10,1.000000,0
281,500.0000,37.0000,500,37,1.000000,0
282,500.0000,15.0000,500,15,1.000000,0
283,500.0000,26.0000,500,26,1.000000,0
284,500.0000,19.0000,500,19,1.000000,0
285,500.0000,18.0000,500,18,1.000000,0
286,500.0000,31.0000,500,31,1.000000,0
287,500.0000,26.0000,500,26,1.000000,0
288,500.0000,9.0000,500,9,1.000000,0
289,500.0000,27.0000,500,27,1.000000,0
290,500.0000,9.0000,500,9,1.000000,0
291,500.0000,15.0000,500,15,1.000000,0
292,500.0000,12.0000,500,12,1.000000,0
293,500.0000,22.0000,500,22,1.000000,0
294,500.0000,18.0000,500,18,1.000000,0
295,500.0000,37.0000,500,37,1.000000,0
296,500.0000,23.0000,500,23,1.000000,0
297,500.0000,13.0000,500,13,1.000000,0
298,500.0000,17.0000,500,17,1.000000,0
299,500.0000,18.0000,500,18,1.000000,0
300,500.0000,11.0000,500,11,1.000000,0
301,500.0000,12.0000,500,12,1.000000,0
302,500.0000,21.0000,500,21,1.000000,0
303,500.0000,25.0000,500,25,1.000000,0
304,500.0000,35.0000,500,35,1.000000,0
305,500.0000,16.0000,500,16,1.000000,0
306,500.0000,17.0000,500,17,1.000000,0
307,500.0000,27.0000,500,27,1.000000,0
308,500.0000,17.0000,500,17,1.000000,0
309,500.0000,14.0000,500,14,1.000000,0
310,500.0000,11.0000,500,11,1.000000,0
311,500.0000,18.0000,500,18,1.000000,0
312,500.0000,15.0000,500,15,1.000000,0
313,500.0000,12.0000,500,12,1.000000,0
314,500.0000,25.0000,500,25,1.000000,0
315,500.0000,11.0000,500,11,1.000000,0
316,500.0000,12.0000,500,12,1.000000,0
317,500.0000,11.0000,500,11,1.000000,0
318,500.0000,12.0000,500,12,1.000000,0
319,500.0000,25.0000,500,25,1.000000,0
320,500.0000,11.0000,500,11,1.000000,0
321,500.0000,30.0000,500,30,1.000000,0
322,500.0000,17.0000,500,17,1.000000,0
323,500.0000,15.0000,500,15,1.000000,0
324,500.0000,16.0000,500,16,1.000000,0
325,500.0000,12.0000,500,12,1.000000,0
326,500.0000,20.0000,500,20,1.000000,0
327,500.0000,33.0000,500,33,1.000000,0
328,500.0000,44.0000,500,44,1.000000,0
329,500.0000,18.0000,500,18,1.000000,0
330,500.0000,17.0000,500,17,1.000000,0
331,500.0000,13.0000,500,13,1.000000,0
332,500.0000,24.0000,500,24,1.000000,0
333,500.0000,15.0000,500,15,1.000000,0
334,500.0000,16.0000,500,16,1.000000,0
335,500.0000,17.0000,500,17,1.000000,0
336,500.0000,13.0000,500,13,1.000000,0
337,500.0000,46.0000,500,46,1.000000,0
338,500.0000,42.0000,500,42,1.000000,0
339,500.0000,20.0000,500,20,1.000000,0
340,500.0000,13.0000,500,13,1.000000,0
341,500.0000,12.0000,500,12,1.000000,0
342,500.0000,39.0000,500,39,1.000000,0
343,500.0000,21.0000,500,21,1.000000,0
344,500.0000,32.0000,500,32,1.000000,0
345,500.0000,30.0000,500,30,1.000000,0
346,500.0000,23.0000,500,23,1.000000,0
347,500.0000,22.0000,500,22,1.000000,0
348,500.0000,14.0000,500,14,1.000000,0
349,500.0000,32.0000,500,32,1.000000,0
350,500.0000,11.0000,500,11,1.000000,0
351,500.0000,13.0000,500,13,1.000000,0
352,500.0000,9.0000,500,9,1.000000,0
353,500.0000,32.0000,500,32,1.000000,0
354,500.0000,9.0000,500,9,1.000000,0
355,500.0000,19.0000,500,19,1.000000,0
356,500.0000,45.0000,500,45,1.000000,0
357,500.0000,15.0000,500,15,1.000000,0
358,500.0000,13.0000,500,13,1.000000,0
359,500.0000,30.0000,500,30,1.000000,0
360,500.0000,17.0000,500,17,1.000000,0
361,500.0000,14.0000,500,14,1.000000,0
362,500.0000,12.0000,500,12,1.000000,0
363,500.0000,19.0000,500,19,1.000000,0
364,500.0000,25.0000,500,25,1.000000,0
365,500.0000,13.0000,500,13,1.000000,0
366,500.0000,23.0000,500,23,1.000000,0
367,500.0000,36.0000,500,36,1.000000,0
368,500.0000,24.0000,500,24,1.000000,0
369,500.0000,8.0000,500,8,1.000000,0
370,500.0000,40.0000,500,40,1.000000,0
371,500.0000,69.0000,500,69,1.000000,0
372,500.0000,11.0000,500,11,1.000000,0
373,500.0000,24.0000,500,24,1.000000,0
374,500.0000,18.0000,500,18,1.000000,0
375,500.0000,14.0000,500,14,1.000000,0
376,500.0000,14.0000,500,14,1.000000,0
377,500.0000,25.0000,500,25,1.000000,0
378,500.0000,13.0000,500,13,1.000000,0
379,500.0000,13.0000,500,13,1.000000,0
380,500.0000,15.0000,500,15,1.000000,0
381,500.0000,13.0000,500,13,1.000000,0
382,500.0000,20.0000,500,20,1.000000,0
383,500.0000,27.0000,500,27,1.000000,0
384,500.0000,31.0000,500,31,1.000000,0
385,500.0000,13.0000,500,13,1.000000,0
386,500.0000,30.0000,500,30,1.000000,0
387,500.0000,25.0000,500,25,1.000000,0
388,500.0000,18.0000,500,18,1.000000,0
389,500.0000,12.0000,500,12,1.000000,0
390,500.0000,19.0000,500,19,1.000000,0
391,500.0000,16.0000,500,16,1.000000,0
392,500.0000,14.0000,500,14,1.000000,0
393,500.0000,10.0000,500,10,1.000000,0
394,500.0000,17.0000,500,17,1.000000,0
395,500.0000,13.0000,500,13,1.000000,0
396,500.0000,18.0000,500,18,1.000000,0
397,500.0000,40.0000,500,40,1.000000,0
398,500.0000,92.0000,500,92,1.000000,0
399,500.0000,15.0000,500,15,1.000000,0
400,500.0000,14.0000,500,14,1.000000,0
401,500.0000,26.0000,500,26,1.000000,0
402,500.0000,14.0000,500,14,1.000000,0
403,500.0000,38.0000,500,38,1.000000,0
404,500.0000,12.0000,500,12,1.000000,0
405,500.0000,26.0000,500,26,1.000000,0
406,500.0000,12.0000,500,12,1.000000,0
407,500.0000,38.0000,500,38,1.000000,0
408,500.0000,27.0000,500,27,1.000000,0
409,500.0000,22.0000,500,22,1.000000,0
410,500.0000,27.0000,500,27,1.000000,0
411,500.0000,23.0000,500,23,1.000000,0
412,500.0000,16.0000,500,16,1.000000,0
413,500.0000,22.0000,500,22,1.000000,0
414,500.0000,27.0000,500,27,1.000000,0
415,500.0000,17.0000,500,17,1.000000,0
416,500.0000,25.0000,500,25,1.000000,0
417,500.0000,29.0000,500,29,1.000000,0
418,500.0000,11.0000,500,11,1.000000,0
419,500.0000,18.0000,500,18,1.000000,0
420,500.0000,21.0000,500,21,1.000000,0
421,500.0000,61.0000,500,61,1.000000,0
422,500.0000,19.0000,500,19,1.000000,0
423,500.0000,33.0000,500,33,1.000000,0
424,500.0000,10.0000,500,10,1.000000,0
425,500.0000,26.0000,500,26,1.000000,0
426,500.0000,13.0000,500,13,1.000000,0
427,500.0000,20.0000,500,20,1.000000,0
428,500.0000,15.0000,500,15,1.000000,0
429,500.0000,16.0000,500,16,1.000000,0
430,500.0000,12.0000,500,12,1.000000,0
431,500.0000,27.0000,500,27,1.000000,0
432,500.0000,15.0000,500,15,1.000000,0
433,500.0000,28.0000,500,28,1.000000,0
434,500.0000,15.0000,500,15,1.000000,0
435,500.0000,16.0000,500,16,1.000000,0
436,500.0000,38.0000,500,38,1.000000,0
437,500.0000,39.0000,500,39,1.000000,0
438,500.0000,27.0000,500,27,1.000000,0
439,500.0000,11.0000,500,11,1.000000,0
440,500.0000,33.0000,500,33,1.000000,0
441,500.0000,11.0000,500,11,1.000000,0
442,500.0000,36.0000,500,36,1.000000,0
443,500.0000,18.0000,500,18,1.000000,0
444,500.0000,28.0000,500,28,1.000000,0
445,500.0000,13.0000,500,13,1.000000,0
446,500.0000,44.0000,500,44,1.000000,0
447,500.0000,45.0000,500,45,1.000000,0
448,500.0000,16.0000,500,16,1.000000,0
449,500.0000,22.0000,500,22,1.000000,0
450,500.0000,45.0000,500,45,1.000000,0
451,500.0000,29.0000,500,29,1.000000,0
452,500.0000,15.0000,500,15,1.000000,0
453,500.0000,11.0000,500,11,1.000000,0
454,500.0000,25.0000,500,25,1.000000,0
455,500.0000,28.0000,500,28,1.000000,0
456,500.0000,24.0000,500,24,1.000000,0
457,500.0000,17.0000,500,17,1.000000,0
458,500.0000,21.0000,500,21,1.000000,0
459,500.0000,12.0000,500,12,1.000000,0
460,500.0000,20.0000,500,20,1.000000,0
461,500.0000,23.0000,500,23,1.000000,0
462,500.0000,19.0000,500,19,1.000000,0
463,500.0000,67.0000,500,67,1.000000,0
464,500.0000,24.0000,500,24,1.000000,0
465,500.0000,12.0000,500,12,1.000000,0
466,500.0000,14.0000,500,14,1.000000,0
467,500.0000,21.0000,500,21,1.000000,0
468,500.0000,13.0000,500,13,1.000000,0
469,500.0000,27.0000,500,27,1.000000,0
470,500.0000,16.0000,500,16,1.000000,0
471,500.0000,32.0000,500,32,1.000000,0
472,500.0000,20.0000,500,20,1.000000,0
473,500.0000,52.0000,500,52,1.000000,0
474,500.0000,10.0000,500,10,1.000000,0
475,500.0000,37.0000,500,37,1.000000,0
476,500.0000,16.0000,500,16,1.000000,0
477,500.0000,16.0000,500,16,1.000000,0
478,500.0000,22.0000,500,22,1.000000,0
479,500.0000,13.0000,500,13,1.000000,0
480,500.0000,20.0000,500,20,1.000000,0
481,500.0000,10.0000,500,10,1.000000,0
482,500.0000,23.0000,500,23,1.000000,0
483,500.0000,13.0000,500,13,1.000000,0
484,500.0000,34.0000,500,34,1.000000,0
485,500.0000,13.0000,500,13,1.000000,0
486,500.0000,51.0000,500,51,1.000000,0
487,500.0000,51.0000,500,51,1.000000,0
488,500.0000,18.0000,500,18,1.000000,0
489,500.0000,23.0000,500,23,1.000000,0
490,500.0000,15.0000,500,15,1.000000,0
491,500.0000,10.0000,500,10,1.000000,0
492,500.0000,26.0000,500,26,1.000000,0
493,500.0000,25.0000,500,25,1.000000,0
494,500.0000,37.0000,500,37,1.000000,0
495,500.0000,12.0000,500,12,1.000000,0
496,500.0000,23.0000,500,23,1.000000,0
497,500.0000,17.0000,500,17,1.000000,0
498,500.0000,22.0000,500,22,1.000000,0
499,500.0000,17.0000,500,17,1.000000,0
500,500.0000,34.0000,500,34,1.000000,0
501,500.0000,33.0000,500,33,1.000000,0
502,500.0000,24.0000,500,24,1.000000,0
503,500.0000,19.0000,500,19,1.000000,0
504,500.0000,44.0000,500,44,1.000000,0
505,500.0000,21.0000,500,21,1.000000,0
506,500.0000,25.0000,500,25,1.000000,0
507,500.0000,16.0000,500,16,1.000000,0
508,500.0000,19.0000,500,19,1.000000,0
509,500.0000,14.0000,500,14,1.000000,0
510,500.0000,32.0000,500,32,1.000000,0
511,500.0000,50.0000,500,50,1.000000,0
512,500.0000,17.0000,500,17,1.000000,0
513,500.0000,14.0000,500,14,1.000000,0
514,500.0000,16.0000,500,16,1.000000,0
515,500.0000,19.0000,500,19,1.000000,0
516,500.0000,12.0000,500,12,1.000000,0
517,500.0000,58.0000,500,58,1.000000,0
518,500.0000,22.0000,500,22,1.000000,0
519,500.0000,14.0000,500,14,1.000000,0
520,500.0000,11.0000,500,11,1.000000,0
521,500.0000,10.0000,500,10,1.000000,0
522,500.0000,17.0000,500,17,1.000000,0
523,500.0000,33.0000,500,33,1.000000,0
524,500.0000,56.0000,500,56,1.000000,0
525,500.0000,12.0000,500,12,1.000000,0
526,500.0000,19.0000,500,19,1.000000,0
527,500.0000,20.0000,500,20,1.000000,0
528,500.0000,11.0000,500,11,1.000000,0
529,500.0000,62.0000,500,62,1.000000,0
530,500.0000,20.0000,500,20,1.000000,0
531,500.0000,18.0000,500,18,1.000000,0
532,500.0000,13.0000,500,13,1.000000,0
533,500.0000,14.0000,500,14,1.000000,0
534,500.0000,32.0000,500,32,1.000000,0
535,500.0000,12.0000,500,12,1.000000,0
536,500.0000,66.0000,500,66,1.000000,0
537,500.0000,11.0000,500,11,1.000000,0
538,500.0000,15.0000,500,15,1.000000,0
539,500.0000,14.0000,500,14,1.000000,0
540,500.0000,14.0000,500,14,1.000000,0
541,500.0000,17.0000,500,17,1.000000,0
542,500.0000,15.0000,500,15,1.000000,0
543,500.0000,19.0000,500,19,1.000000,0
544,500.0000,21.0000,500,21,1.000000,0
545,500.0000,51.0000,500,51,1.000000,0
546,500.0000,21.0000,500,21,1.000000,0
547,500.0000,26.0000,500,26,1.000000,0
548,500.0000,13.0000,500,13,1.000000,0
549,500.0000,14.0000,500,14,1.000000,0
550,500.0000,18.0000,500,18,1.000000,0
551,500.0000,33.0000,500,33,1.000000,0
552,500.0000,28.0000,500,28,1.000000,0
553,500.0000,15.0000,500,15,1.000000,0
554,500.0000,20.0000,500,20,1.000000,0
555,500.0000,31.0000,500,31,1.000000,0
556,500.0000,59.0000,500,59,1.000000,0
557,500.0000,27.0000,500,27,1.000000,0
558,500.0000,18.0000,500,18,1.000000,0
559,500.0000,44.0000,500,44,1.000000,0
560,500.0000,11.0000,500,11,1.000000,0
561,500.0000,15.0000,500,15,1.000000,0
562,500.0000,14.0000,500,14,1.000000,0
563,500.0000,13.0000,500,13,1.000000,0
564,500.0000,28.0000,500,28,1.000000,0
565,500.0000,14.0000,500,14,1.000000,0
566,500.0000,13.0000,500,13,1.000000,0
567,500.0000,20.0000,500,20,1.000000,0
568,500.0000,41.0000,500,41,1.000000,0
569,500.0000,17.0000,500,17,1.000000,0
570,500.0000,37.0000,500,37,1.000000,0
571,500.0000,38.0000,500,38,1.000000,0
572,500.0000,22.0000,500,22,1.000000,0
573,500.0000,18.0000,500,18,1.000000,0
574,500.0000,22.0000,500,22,1.000000,0
575,500.0000,28.0000,500,28,1.000000,0
576,500.0000,11.0000,500,11,1.000000,0
577,500.0000,26.0000,500,26,1.000000,0
578,500.0000,22.0000,500,22,1.000000,0
579,500.0000,12.0000,500,12,1.000000,0
580,500.0000,20.0000,500,20,1.000000,0
581,500.0000,14.0000,500,14,1.000000,0
582,500.0000,15.0000,500,15,1.000000,0
583,500.0000,38.0000,500,38,1.000000,0
584,500.0000,23.0000,500,23,1.000000,0
585,500.0000,22.0000,500,22,1.000000,0
586,500.0000,41.0000,500,41,1.000000,0
587,500.0000,15.0000,500,15,1.000000,0
588,500.0000,10.0000,500,10,1.000000,0
589,500.0000,19.0000,500,19,1.000000,0
590,500.0000,31.0000,500,31,1.000000,0
591,500.0000,14.0000,500,14,1.000000,0
592,500.0000,14.0000,500,14,1.000000,0
593,500.0000,15.0000,500,15,1.000000,0
594,500.0000,34.0000,500,34,1.000000,0
595,500.0000,54.0000,500,54,1.000000,0
596,500.0000,8.0000,500,8,1.000000,0
597,500.0000,18.0000,500,18,1.000000,0
598,500.0000,17.0000,500,17,1.000000,0
599,500.0000,13.0000,500,13,1.000000,0
600,500.0000,11.0000,500,11,1.000000,0
601,500.0000,27.0000,500,27,1.000000,0
602,500.0000,18.0000,500,18,1.000000,0
603,500.0000,13.0000,500,13,1.000000,0
604,500.0000,45.0000,500,45,1.000000,0
605,500.0000,64.0000,500,64,1.000000,0
606,500.0000,11.0000,500,11,1.000000,0
607,500.0000,27.0000,500,27,1.000000,0
608,500.0000,15.0000,500,15,1.000000,0
609,500.0000,36.0000,500,36,1.000000,0
610,500.0000,19.0000,500,19,1.000000,0
611,500.0000,34.0000,500,34,1.000000,0
612,500.0000,32.0000,500,32,1.000000,0
613,500.0000,27.0000,500,27,1.000000,0
614,500.0000,21.0000,500,21,1.000000,0
615,500.0000,15.0000,500,15,1.000000,0
616,500.0000,12.0000,500,12,1.000000,0
617,500.0000,22.0000,500,22,1.000000,0
618,500.0000,12.0000,500,12,1.000000,0
619,500.0000,14.0000,500,14,1.000000,0
620,500.0000,14.0000,500,14,1.000000,0
621,500.0000,48.0000,500,48,1.000000,0
622,500.0000,18.0000,500,18,1.000000,0
623,500.0000,35.0000,500,35,1.000000,0
624,500.0000,65.0000,500,65,1.000000,0
625,500.0000,11.0000,500,11,1.000000,0
626,500.0000,18.0000,500,18,1.000000,0
627,500.0000,46.0000,500,46,1.000000,0
628,500.0000,50.0000,500,50,1.000000,0
629,500.0000,31.0000,500,31,1.000000,0
630,500.0000,23.0000,500,23,1.000000,0
631,500.0000,29.0000,500,29,1.000000,0
632,500.0000,14.0000,500,14,1.000000,0
633,500.0000,35.0000,500,35,1.000000,0
634,500.0000,18.0000,500,18,1.000000,0
635,500.0000,27.0000,500,27,1.000000,0
636,500.0000,11.0000,500,11,1.000000,0
637,500.0000,23.0000,500,23,1.000000,0
638,500.0000,24.0000,500,24,1.000000,0
639,500.0000,22.0000,500,22,1.000000,0
640,500.0000,31.0000,500,31,1.000000,0
641,500.0000,19.0000,500,19,1.000000,0
642,500.0000,56.0000,500,56,1.000000,0
643,500.0000,12.0000,500,12,1.000000,0
644,500.0000,22.0000,500,22,1.000000,0
645,500.0000,27.0000,500,27,1.000000,0
646,500.0000,30.0000,500,30,1.000000,0
647,500.0000,14.0000,500,14,1.000000,0
648,500.0000,17.0000,500,17,1.000000,0
649,500.0000,28.0000,500,28,1.000000,0
650,500.0000,19.0000,500,19,1.000000,0
651,500.0000,19.0000,500,19,1.000000,0
652,500.0000,12.0000,500,12,1.000000,0
653,500.0000,11.0000,500,11,1.000000,0
654,500.0000,47.0000,500,47,1.000000,0
655,500.0000,14.0000,500,14,1.000000,0
656,500.0000,28.0000,500,28,1.000000,0
657,500.0000,16.0000,500,16,1.000000,0
658,500.0000,23.0000,500,23,1.000000,0
659,500.0000,15.0000,500,15,1.000000,0
660,500.0000,12.0000,500,12,1.000000,0
661,500.0000,23.0000,500,23,1.000000,0
662,500.0000,24.0000,500,24,1.000000,0
663,500.0000,20.0000,500,20,1.000000,0
664,500.0000,18.0000,500,18,1.000000,0
665,500.0000,16.0000,500,16,1.000000,0
666,500.0000,14.0000,500,14,1.000000,0
667,500.0000,43.0000,500,43,1.000000,0
668,500.0000,13.0000,500,13,1.000000,0
669,500.0000,26.0000,500,26,1.000000,0
670,500.0000,43.0000,500,43,1.000000,0
671,500.0000,11.0000,500,11,1.000000,0
672,500.0000,28.0000,500,28,1.000000,0
673,500.0000,60.0000,500,60,1.000000,0
674,500.0000,14.0000,500,14,1.000000,0
675,500.0000,9.0000,500,9,1.000000,0
676,500.0000,33.0000,500,33,1.000000,0
677,500.0000,14.0000,500,14,1.000000,0
678,500.0000,19.0000,500,19,1.000000,0
679,500.0000,24.0000,500,24,1.000000,0
680,500.0000,33.0000,500,33,1.000000,0
681,500.0000,41.0000,500,41,1.000000,0
682,500.0000,10.0000,500,10,1.000000,0
683,500.0000,30.0000,500,30,1.000000,0
684,500.0000,19.0000,500,19,1.000000,0
685,500.0000,22.0000,500,22,1.000000,0
686,500.0000,19.0000,500,19,1.000000,0
687,500.0000,19.0000,500,19,1.000000,0
688,500.0000,23.0000,500,23,1.000000,0
689,500.0000,14.0000,500,14,1.000000,0
690,500.0000,16.0000,500,16,1.000000,0
691,500.0000,11.0000,500,11,1.000000,0
692,500.0000,11.0000,500,11,1.000000,0
693,500.0000,39.0000,500,39,1.000000,0
694,500.0000,23.0000,500,23,1.000000,0
695,500.0000,11.0000,500,11,1.000000,0
696,500.0000,15.0000,500,15,1.000000,0
697,500.0000,23.0000,500,23,1.000000,0
698,500.0000,37.0000,500,37,1.000000,0
699,500.0000,28.0000,500,28,1.000000,0
700,500.0000,18.0000,500,18,1.000000,0
701,500.0000,24.0000,500,24,1.000000,0
702,500.0000,35.0000,500,35,1.000000,0
703,500.0000,14.0000,500,14,1.000000,0
704,500.0000,17.0000,500,17,1.000000,0
705,500.0000,19.0000,500,19,1.000000,0
706,500.0000,25.0000,500,25,1.000000,0
707,500.0000,14.0000,500,14,1.000000,0
708,500.0000,11.0000,500,11,1.000000,0
709,500.0000,17.0000,500,17,1.000000,0
710,500.0000,20.0000,500,20,1.000000,0
711,500.0000,24.0000,500,24,1.000000,0
712,500.0000,25.0000,500,25,1.000000,0
713,500.0000,22.0000,500,22,1.000000,0
714,500.0000,29.0000,500,29,1.000000,0
715,500.0000,14.0000,500,14,1.000000,0
716,500.0000,12.0000,500,12,1.000000,0
717,500.0000,16.0000,500,16,1.000000,0
718,500.0000,17.0000,500,17,1.000000,0
719,500.0000,12.0000,500,12,1.000000,0
720,500.0000,17.0000,500,17,1.000000,0
721,500.0000,19.0000,500,19,1.000000,0
722,500.0000,27.0000,500,27,1.000000,0
723,500.0000,18.0000,500,18,1.000000,0
724,500.0000,40.0000,500,40,1.000000,0
725,500.0000,13.0000,500,13,1.000000,0
726,500.0000,21.0000,500,21,1.000000,0
727,500.0000,20.0000,500,20,1.000000,0
728,500.0000,16.0000,500,16,1.000000,0
729,500.0000,14.0000,500,14,1.000000,0
730,500.0000,29.0000,500,29,1.000000,0
731,500.0000,40.0000,500,40,1.000000,0
732,500.0000,24.0000,500,24,1.000000,0
733,500.0000,19.0000,500,19,1.000000,0
734,500.0000,16.0000,500,16,1.000000,0
735,500.0000,46.0000,500,46,1.000000,0
736,500.0000,17.0000,500,17,1.000000,0
737,500.0000,17.0000,500,17,1.000000,0
738,500.0000,22.0000,500,22,1.000000,0
739,500.0000,19.0000,500,19,1.000000,0
740,500.0000,37.0000,500,37,1.000000,0
741,500.0000,27.0000,500,27,1.000000,0
742,500.0000,17.0000,500,17,1.000000,0
743,500.0000,13.0000,500,13,1.000000,0
744,500.0000,17.0000,500,17,1.000000,0
745,500.0000,37.0000,500,37,1.000000,0
746,500.0000,14.0000,500,14,1.000000,0
747,500.0000,30.0000,500,30,1.000000,0
748,500.0000,15.0000,500,15,1.000000,0
749,500.0000,20.0000,500,20,1.000000,0
750,500.0000,51.0000,500,51,1.000000,0
751,500.0000,13.0000,500,13,1.000000,0
752,500.0000,18.0000,500,18,1.000000,0
753,500.0000,29.0000,500,29,1.000000,0
754,500.0000,25.0000,500,25,1.000000,0
755,500.0000,20.0000,500,20,1.000000,0
756,500.0000,30.0000,500,30,1.000000,0
757,500.0000,16.0000,500,16,1.000000,0
758,500.0000,23.0000,500,23,1.000000,0
759,500.0000,16.0000,500,16,1.000000,0
760,500.0000,13.0000,500,13,1.000000,0
761,500.0000,14.0000,500,14,1.000000,0
762,500.0000,28.0000,500,28,1.000000,0
763,500.0000,18.0000,500,18,1.000000,0
764,500.0000,25.0000,500,25,1.000000,0
765,500.0000,22.0000,500,22,1.000000,0
766,500.0000,16.0000,500,16,1.000000,0
767,500.0000,27.0000,500,27,1.000000,0
768,500.0000,31.0000,500,31,1.000000,0
769,500.0000,37.0000,500,37,1.000000,0
770,500.0000,43.0000,500,43,1.000000,0
771,500.0000,15.0000,500,15,1.000000,0
772,500.0000,25.0000,500,25,1.000000,0
773,500.0000,33.0000,500,33,1.000000,0
774,500.0000,17.0000,500,17,1.000000,0
775,500.0000,19.0000,500,19,1.000000,0
776,500.0000,12.0000,500,12,1.000000,0
777,500.0000,71.0000,500,71,1.000000,0
778,500.0000,34.0000,500,34,1.000000,0
779,500.0000,9.0000,500,9,1.000000,0
780,500.0000,16.0000,500,16,1.000000,0
781,500.0000,22.0000,500,22,1.000000,0
782,500.0000,14.0000,500,14,1.000000,0
783,500.0000,20.0000,500,20,1.000000,0
784,500.0000,10.0000,500,10,1.000000,0
785,500.0000,17.0000,500,17,1.000000,0
786,500.0000,21.0000,500,21,1.000000,0
787,500.0000,40.0000,500,40,1.000000,0
788,500.0000,36.0000,500,36,1.000000,0
789,500.0000,32.0000,500,32,1.000000,0
790,500.0000,17.0000,500,17,1.000000,0
791,500.0000,55.0000,500,55,1.000000,0
792,500.0000,13.0000,500,13,1.000000,0
793,500.0000,13.0000,500,13,1.000000,0
794,500.0000,25.0000,500,25,1.000000,0
795,500.0000,17.0000,500,17,1.000000,0
796,500.0000,25.0000,500,25,1.000000,0
797,500.0000,12.0000,500,12,1.000000,0
798,500.0000,15.0000,500,15,1.000000,0
799,500.0000,13.0000,500,13,1.000000,0
800,500.0000,12.0000,500,12,1.000000,0
801,500.0000,13.0000,500,13,1.000000,0
802,500.0000,13.0000,500,13,1.000000,0
803,500.0000,28.0000,500,28,1.000000,0
804,500.0000,16.0000,500,16,1.000000,0
805,500.0000,13.0000,500,13,1.000000,0
806,500.0000,50.0000,500,50,1.000000,0
807,500.0000,23.0000,500,23,1.000000,0
808,500.0000,9.0000,500,9,1.000000,0
809,500.0000,31.0000,500,31,1.000000,0
810,500.0000,14.0000,500,14,1.000000,0
811,500.0000,23.0000,500,23,1.000000,0
812,500.0000,15.0000,500,15,1.000000,0
813,500.0000,22.0000,500,22,1.000000,0
814,500.0000,18.0000,500,18,1.000000,0
815,500.0000,18.0000,500,18,1.000000,0
816,500.0000,29.0000,500,29,1.000000,0
817,500.0000,41.0000,500,41,1.000000,0
818,500.0000,30.0000,500,30,1.000000,0
819,500.0000,27.0000,500,27,1.000000,0
820,500.0000,20.0000,500,20,1.000000,0
821,500.0000,13.0000,500,13,1.000000,0
822,500.0000,21.0000,500,21,1.000000,0
823,500.0000,14.0000,500,14,1.000000,0
824,500.0000,11.0000,500,11,1.000000,0
825,500.0000,37.0000,500,37,1.000000,0
826,500.0000,21.0000,500,21,1.000000,0
827,500.0000,23.0000,500,23,1.000000,0
828,500.0000,41.0000,500,41,1.000000,0
829,500.0000,32.0000,500,32,1.000000,0
830,500.0000,11.0000,500,11,1.000000,0
831,500.0000,27.0000,500,27,1.000000,0
832,500.0000,17.0000,500,17,1.000000,0
833,500.0000,17.0000,500,17,1.000000,0
834,500.0000,19.0000,500,19,1.000000,0
835,500.0000,23.0000,500,23,1.000000,0
836,500.0000,16.0000,500,16,1.000000,0
837,500.0000,23.0000,500,23,1.000000,0
838,500.0000,14.0000,500,14,1.000000,0
839,500.0000,11.0000,500,11,1.000000,0
840,500.0000,15.0000,500,15,1.000000,0
841,500.0000,38.0000,500,38,1.000000,0
842,500.0000,34.0000,500,34,1.000000,0
843,500.0000,29.0000,500,29,1.000000,0
844,500.0000,16.0000,500,16,1.000000,0
845,500.0000,19.0000,500,19,1.000000,0
846,500.0000,19.0000,500,19,1.000000,0
847,500.0000,46.0000,500,46,1.000000,0
848,500.0000,16.0000,500,16,1.000000,0
849,500.0000,27.0000,500,27,1.000000,0
850,500.0000,26.0000,500,26,1.000000,0
851,500.0000,22.0000,500,22,1.000000,0
852,500.0000,65.0000,500,65,1.000000,0
853,500.0000,17.0000,500,17,1.000000,0
854,500.0000,51.0000,500,51,1.000000,0
855,500.0000,32.0000,500,32,1.000000,0
856,500.0000,22.0000,500,22,1.000000,0
857,500.0000,20.0000,500,20,1.000000,0
858,500.0000,22.0000,500,22,1.000000,0
859,500.0000,16.0000,500,16,1.000000,0
860,500.0000,26.0000,500,26,1.000000,0
861,500.0000,15.0000,500,15,1.000000,0
862,500.0000,15.0000,500,15,1.000000,0
863,500.0000,21.0000,500,21,1.000000,0
864,500.0000,10.0000,500,10,1.000000,0
865,500.0000,34.0000,500,34,1.000000,0
866,500.0000,43.0000,500,43,1.000000,0
867,500.0000,13.0000,500,13,1.000000,0
868,500.0000,25.0000,500,25,1.000000,0
869,500.0000,17.0000,500,17,1.000000,0
870,500.0000,20.0000,500,20,1.000000,0
871,500.0000,24.0000,500,24,1.000000,0
872,500.0000,13.0000,500,13,1.000000,0
873,500.0000,11.0000,500,11,1.000000,0
874,500.0000,11.0000,500,11,1.000000,0
875,500.0000,10.0000,500,10,1.000000,0
876,500.0000,12.0000,500,12,1.000000,0
877,500.0000,19.0000,500,19,1.000000,0
878,500.0000,22.0000,500,22,1.000000,0
879,500.0000,100.0000,500,100,1.000000,0
880,500.0000,21.0000,500,21,1.000000,0
881,500.0000,16.0000,500,16,1.000000,0
882,500.0000,18.0000,500,18,1.000000,0
883,500.0000,16.0000,500,16,1.000000,0
884,500.0000,17.0000,500,17,1.000000,0
885,500.0000,10.0000,500,10,1.000000,0
886,500.0000,10.0000,500,10,1.000000,0
887,500.0000,25.0000,500,25,1.000000,0
888,500.0000,10.0000,500,10,1.000000,0
889,500.0000,16.0000,500,16,1.000000,0
890,500.0000,19.0000,500,19,1.000000,0
891,500.0000,12.0000,500,12,1.000000,0
892,500.0000,16.0000,500,16,1.000000,0
893,500.0000,18.0000,500,18,1.000000,0
894,500.0000,11.0000,500,11,1.000000,0
895,500.0000,13.0000,500,13,1.000000,0
896,500.0000,8.0000,500,8,1.000000,0
897,500.0000,13.0000,500,13,1.000000,0
898,500.0000,22.0000,500,22,1.000000,0
899,500.0000,19.0000,500,19,1.000000,0
900,500.0000,27.0000,500,27,1.000000,0
901,500.0000,20.0000,500,20,1.000000,0
902,500.0000,31.0000,500,31,1.000000,0
903,500.0000,15.0000,500,15,1.000000,0
904,500.0000,25.0000,500,25,1.000000,0
905,500.0000,27.0000,500,27,1.000000,0
906,500.0000,17.0000,500,17,1.000000,0
907,500.0000,20.0000,500,20,1.000000,0
908,500.0000,13.0000,500,13,1.000000,0
909,500.0000,10.0000,500,10,1.000000,0
910,500.0000,21.0000,500,21,1.000000,0
911,500.0000,38.0000,500,38,1.000000,0
912,500.0000,10.0000,500,10,1.000000,0
913,500.0000,14.0000,500,14,1.000000,0
914,500.0000,16.0000,500,16,1.000000,0
915,500.0000,10.0000,500,10,1.000000,0
916,500.0000,36.0000,500,36,1.000000,0
917,500.0000,17.0000,500,17,1.000000,0
918,500.0000,25.0000,500,25,1.000000,0
919,500.0000,43.0000,500,43,1.000000,0
920,500.0000,25.0000,500,25,1.000000,0
921,500.0000,45.0000,500,45,1.000000,0
922,500.0000,12.0000,500,12,1.000000,0
923,500.0000,18.0000,500,18,1.000000,0
924,500.0000,57.0000,500,57,1.000000,0
925,500.0000,16.0000,500,16,1.000000,0
926,500.0000,22.0000,500,22,1.000000,0
927,500.0000,25.0000,500,25,1.000000,0
928,500.0000,13.0000,500,13,1.000000,0
929,500.0000,13.0000,500,13,1.000000,0
930,500.0000,11.0000,500,11,1.000000,0
931,500.0000,15.0000,500,15,1.000000,0
932,500.0000,26.0000,500,26,1.000000,0
933,500.0000,13.0000,500,13,1.000000,0
934,500.0000,20.0000,500,20,1.000000,0
935,500.0000,25.0000,500,25,1.000000,0
936,500.0000,15.0000,500,15,1.000000,0
937,500.0000,40.0000,500,40,1.000000,0
938,500.0000,38.0000,500,38,1.000000,0
939,500.0000,14.0000,500,14,1.000000,0
940,500.0000,48.0000,500,48,1.000000,0
941,500.0000,31.0000,500,31,1.000000,0
942,500.0000,20.0000,500,20,1.000000,0
943,500.0000,11.0000,500,11,1.000000,0
944,500.0000,11.0000,500,11,1.000000,0
945,500.0000,29.0000,500,29,1.000000,0
946,500.0000,16.0000,500,16,1.000000,0
947,500.0000,30.0000,500,30,1.000000,0
948,500.0000,12.0000,500,12,1.000000,0
949,500.0000,22.0000,500,22,1.000000,0
950,500.0000,29.0000,500,29,1.000000,0
951,500.0000,23.0000,500,23,1.000000,0
952,500.0000,66.0000,500,66,1.000000,0
953,500.0000,23.0000,500,23,1.000000,0
954,500.0000,34.0000,500,34,1.000000,0
955,500.0000,11.0000,500,11,1.000000,0
956,500.0000,35.0000,500,35,1.000000,0
957,500.0000,37.0000,500,37,1.000000,0
958,500.0000,53.0000,500,53,1.000000,0
959,500.0000,53.0000,500,53,1.000000,0
960,500.0000,20.0000,500,20,1.000000,0
961,500.0000,21.0000,500,21,1.000000,0
962,500.0000,15.0000,500,15,1.000000,0
963,500.0000,16.0000,500,16,1.000000,0
964,500.0000,11.0000,500,11,1.000000,0
965,500.0000,39.0000,500,39,1.000000,0
966,500.0000,19.0000,500,19,1.000000,0
967,500.0000,11.0000,500,11,1.000000,0
968,500.0000,34.0000,500,34,1.000000,0
969,500.0000,22.0000,500,22,1.000000,0
970,500.0000,38.0000,500,38,1.000000,0
971,500.0000,14.0000,500,14,1.000000,0
972,500.0000,52.0000,500,52,1.000000,0
973,500.0000,16.0000,500,16,1.000000,0
974,500.0000,16.0000,500,16,1.000000,0
975,500.0000,24.0000,500,24,1.000000,0
976,500.0000,25.0000,500,25,1.000000,0
977,500.0000,43.0000,500,43,1.000000,0
978,500.0000,19.0000,500,19,1.000000,0
979,500.0000,37.0000,500,37,1.000000,0
980,500.0000,17.0000,500,17,1.000000,0
981,500.0000,40.0000,500,40,1.000000,0
982,500.0000,38.0000,500,38,1.000000,0
983,500.0000,56.0000,500,56,1.000000,0
984,500.0000,31.0000,500,31,1.000000,0
985,500.0000,14.0000,500,14,1.000000,0
986,500.0000,23.0000,500,23,1.000000,0
987,500.0000,19.0000,500,19,1.000000,0
988,500.0000,17.0000,500,17,1.000000,0
989,500.0000,22.0000,500,22,1.000000,0
990,500.0000,33.0000,500,33,1.000000,0
991,500.0000,17.0000,500,17,1.000000,0
992,500.0000,55.0000,500,55,1.000000,0
993,500.0000,22.0000,500,22,1.000000,0
994,500.0000,31.0000,500,31,1.000000,0
995,500.0000,17.0000,500,17,1.000000,0
996,500.0000,13.0000,500,13,1.000000,0
997,500.0000,14.0000,500,14,1.000000,0
998,500.0000,18.0000,500,18,1.000000,0
999,500.0000,20.0000,500,20,1.000000,0
